{
  "adverse_first_pct": 79.15218902015289,
  "average_holding_candles": 5.46907574704656,
  "average_loss": -0.35465667441361126,
  "average_mae_r": 1.2965633105055685,
  "average_mfe_r": 0.9966493724911571,
  "average_win": 0.28076760340170015,
  "best_trade": 1.2593816064599985,
  "break_even_exit_rate": 0.06949270326615706,
  "closed_trades": 1439,
  "ending_equity": 870.9036122080001,
  "entry_fees": 30.10563932358,
  "execution_adjusted_gross_pnl": -68.8800755999998,
  "expectancy_r": -0.012796377249208271,
  "final_exit_fees": 26.84524042308,
  "final_target_rate": 0.0945100764419736,
  "full_stop_rate": 0.41139680333564976,
  "gross_expectancy": -0.0012487851288117936,
  "gross_price_pnl": -1.7970018003601709,
  "independent_trading_days": 319,
  "maximum_drawdown": 129.17773513123996,
  "maximum_drawdown_pct": 12.917773513123995,
  "maximum_hold_exit_rate": 0.4246004169562196,
  "median_trade": -0.1494918119000001,
  "net_expectancy": -0.08971256969562182,
  "net_pnl": -129.0963877919998,
  "payoff_ratio": 0.7916602834725184,
  "profit_factor": 0.5661456139255195,
  "slippage_impact": 21.93829573321316,
  "spread_impact": 45.14477806642647,
  "total_costs": 127.29938599163964,
  "total_return_pct": -12.90963877919998,
  "tp1_fees": 3.26543244534,
  "tp1_hit_rate": 0.27241139680333565,
  "win_rate": 0.41695621959694235,
  "worst_trade": -1.2918014577199968
}
