{
  "bootstrap_mean_net_ci95": [
    -0.10930726840977087,
    -0.07050096624021422
  ],
  "bootstrap_mean_r_ci95": [
    -0.015589255862162792,
    -0.010046478990099887
  ],
  "bootstrap_pf_ci95": [
    0.4961748809494026,
    0.6414328905800492
  ],
  "monte_carlo_ending_equity": {
    "median": 870.6293327300102,
    "q05": 847.2830539377393,
    "q95": 894.4330953248402
  },
  "monte_carlo_max_drawdown": {
    "median": 130.46349912468958,
    "q05": 107.11281661660028,
    "q95": 153.6305118244208
  },
  "resamples": 5000,
  "seed": 20260715,
  "wilson_win_rate_ci95": [
    0.39173533230715757,
    0.442619302750705
  ],
  "without_best": -130.3557693984598,
  "without_worst": -127.8045863342798
}
