{
  "adverse_first_pct": 76.0607414024118,
  "average_holding_candles": 5.064314426083072,
  "average_loss": -0.40167396853834786,
  "average_mae_r": 1.25905798902055,
  "average_mfe_r": 1.1350952646930417,
  "average_win": 0.34911638738869827,
  "best_trade": 2.013497160720001,
  "break_even_exit_rate": 0.08798570790531487,
  "closed_trades": 2239,
  "ending_equity": 827.4170489800199,
  "entry_fees": 46.87614447036,
  "execution_adjusted_gross_pnl": -78.83682670000016,
  "expectancy_r": -0.011265501218522994,
  "final_exit_fees": 40.97002043412,
  "final_target_rate": 0.1299687360428763,
  "full_stop_rate": 0.4336757481018312,
  "gross_expectancy": 0.00859907056991529,
  "gross_price_pnl": 19.253319006040336,
  "independent_trading_days": 359,
  "maximum_drawdown": 173.32894246580054,
  "maximum_drawdown_pct": 17.319973694362233,
  "maximum_hold_exit_rate": 0.3483698079499777,
  "median_trade": -0.1494107064000006,
  "net_expectancy": -0.07708037115675755,
  "net_pnl": -172.58295101998016,
  "payoff_ratio": 0.8691536288973332,
  "profit_factor": 0.6619517803089052,
  "slippage_impact": 32.10498316201349,
  "spread_impact": 65.985162544027,
  "total_costs": 191.83627002602051,
  "total_return_pct": -17.258295101998016,
  "tp1_fees": 5.8999594155,
  "tp1_hit_rate": 0.315765966949531,
  "win_rate": 0.4323358642251005,
  "worst_trade": -1.9573538012800031
}
