{
  "bootstrap_mean_net_ci95": [
    -0.09517051770067293,
    -0.05842333405566674
  ],
  "bootstrap_mean_r_ci95": [
    -0.013912362949633888,
    -0.008544894774545946
  ],
  "bootstrap_pf_ci95": [
    0.5966077725382525,
    0.7327323402546472
  ],
  "monte_carlo_ending_equity": {
    "median": 827.0059323668398,
    "q05": 792.9394100929379,
    "q95": 862.0721381939138
  },
  "monte_carlo_max_drawdown": {
    "median": 174.94831377031062,
    "q05": 140.87560530140934,
    "q95": 209.24157142671413
  },
  "resamples": 5000,
  "seed": 20260715,
  "wilson_win_rate_ci95": [
    0.41194900761558084,
    0.4529545062692927
  ],
  "without_best": -174.59644818070015,
  "without_worst": -170.62559721870016
}
