{
  "absolute_basis_change_1h": [
    0.31519297909466,
    0.8282108332217842,
    2.0199446257525135,
    4.396004856404826,
    7.580325421304988
  ],
  "mark_basis_bps": [
    -9.556889847770528,
    -6.288606953765141,
    -4.078967203142885,
    -0.585584453463154,
    4.638430522547466
  ],
  "market_basis_bps": [
    -9.381103291787174,
    -6.272998859739857,
    -3.989456525154673,
    -0.27761855674228536,
    5.800125788318407
  ],
  "market_mark_bps": [
    -2.8166475138207447,
    -0.8656327835735692,
    0.0,
    1.3430480520865082,
    3.8800316388977962
  ]
}
