{
  "atr_pct": [
    0.2923543473701191,
    0.4204911337871429,
    0.6057552817958662,
    0.879913842728262,
    1.238017901118274
  ],
  "bb_width": [
    0.9634275973403348,
    1.4559121419278782,
    2.315597714276791,
    3.724003080484958,
    5.822045444244651
  ],
  "body_ratio": [
    0.11171625228987539,
    0.26373626373626236,
    0.48387096774195226,
    0.69090909090907,
    0.8378214688443266
  ],
  "broad_dispersion": [
    0.22990566316327343,
    0.3138103587073452,
    0.44879297819547936,
    0.6543962725346264,
    0.9410636007359758
  ],
  "broad_fraction_up": [
    0.0,
    0.125,
    0.5,
    0.875,
    1.0
  ],
  "btc_atr_pct": [
    0.14791853683792117,
    0.20623817018638252,
    0.2907747127682638,
    0.4197895977920828,
    0.596181840035259
  ],
  "btc_return_4": [
    -0.4844727539326188,
    -0.21158116774938063,
    0.0072373309184747825,
    0.22951150596626224,
    0.5101290574892392
  ],
  "close_location": [
    0.07437933468993127,
    0.21478579785971497,
    0.5,
    0.7885714285714329,
    0.9333333333333044
  ],
  "compression_duration": [
    0.0,
    0.0,
    0.0,
    0.0,
    8.0
  ],
  "distance_ema20_atr": [
    -1.596602923620981,
    -0.8348388160405508,
    0.008207463469659046,
    0.857044198732363,
    1.6399688143504758
  ],
  "distance_prev_day_high_atr": [
    -1.6917890734984207,
    1.8349209530947634,
    5.53069158797506,
    9.36165123660853,
    13.151238288941972
  ],
  "distance_prev_day_low_atr": [
    -1.4239652364027817,
    1.933884297520663,
    5.6754844386522105,
    9.966995685526694,
    14.499529873642636
  ],
  "distance_recent_high_atr": [
    0.3663444611030973,
    1.075401706368657,
    2.0826634598829266,
    3.3409090909090855,
    4.575551998529765
  ],
  "distance_recent_low_atr": [
    0.3964590191051235,
    1.1283582089552153,
    2.1578593694728943,
    3.4543609434661144,
    4.763924640926804
  ],
  "distance_session_high_atr": [
    0.33478260869565646,
    0.7958656330749385,
    1.6363296897277415,
    2.8911718158229744,
    4.276023221920417
  ],
  "distance_session_low_atr": [
    0.350935996167346,
    0.8330117907813239,
    1.7032640949554843,
    2.999999999999999,
    4.480096631155755
  ],
  "distance_vwap_atr": [
    -4.098352279811419,
    -2.2975785874365426,
    0.014062501788811268,
    2.4385590204016894,
    4.523328722858665
  ],
  "ema20_slope_atr": [
    -0.6242780430671077,
    -0.33596981746497223,
    0.003508485533550014,
    0.34681861947779485,
    0.6452052457120925
  ],
  "lower_wick_ratio": [
    0.011654235947084953,
    0.08404014854011357,
    0.21839080459768284,
    0.3999999999999827,
    0.5758397169149367
  ],
  "movement_per_volume": [
    0.053426004777439785,
    0.13445086108408694,
    0.30838603177896595,
    0.6388829143990743,
    1.1833876264008767
  ],
  "range_pct": [
    0.23555807394287542,
    0.3591130278104246,
    0.5612547762249231,
    0.8758079117598879,
    1.3184722213609348
  ],
  "range_position20": [
    0.08720930232558419,
    0.25547352389443023,
    0.5091562193674887,
    0.7617892032259185,
    0.921740625817787
  ],
  "range_position48": [
    0.11108289207616301,
    0.2548638132295732,
    0.5040752960975854,
    0.7612568153580073,
    0.902527075812274
  ],
  "range_position96": [
    0.11660329531051833,
    0.2521783549117088,
    0.5032679738562111,
    0.7602203139726301,
    0.8961038961038956
  ],
  "realized_vol20": [
    0.18496677937446518,
    0.26840271077298905,
    0.39028445303873194,
    0.5702383363981312,
    0.8247530780551473
  ],
  "relative_return_btc": [
    -0.766325763575233,
    -0.3170561775611286,
    0.0,
    0.273039162314781,
    0.760592994444124
  ],
  "return_1": [
    -0.5439695285413337,
    -0.24264484751104765,
    0.0,
    0.2397414553043542,
    0.5420471635454716
  ],
  "return_2": [
    -0.7584737275899522,
    -0.332961574197313,
    0.0,
    0.32818416923515725,
    0.7613976752767451
  ],
  "return_4": [
    -1.0561655796311398,
    -0.45284849794512694,
    0.0,
    0.45075578427631324,
    1.0632055132966947
  ],
  "return_8": [
    -1.493137441153486,
    -0.6435035803846051,
    0.004828820930424804,
    0.6407718280447616,
    1.5239920640611526
  ],
  "roc8": [
    -1.493137441153486,
    -0.6435035803846051,
    0.004828820930424804,
    0.6407718280447616,
    1.5239920640611526
  ],
  "rsi14": [
    29.629629629629633,
    39.032532926554,
    50.07974481658691,
    61.13744075829376,
    70.52594273634462
  ],
  "upper_wick_ratio": [
    0.009443834708067148,
    0.07954545454546974,
    0.21476510067114216,
    0.39640614403282814,
    0.5725728170598358
  ],
  "volatility_relative_btc": [
    1.0,
    1.4242809458685661,
    2.0203506340923116,
    2.813792476453628,
    3.9011956593398773
  ],
  "volume_percentile": [
    0.08958333333333332,
    0.24375,
    0.5041666666666667,
    0.7604166666666666,
    0.9083333333333333
  ],
  "volume_ratio": [
    0.2775880619829342,
    0.4480828671726372,
    0.7519996383360255,
    1.2754352714607704,
    2.09686968337056
  ]
}
