{
  "development": {
    "LONG_1": {
      "mean": 0.0022990843666730347,
      "mean_mae_pct": 0.3536238636482248,
      "mean_mfe_pct": 0.35281083532002117,
      "median": 0.0,
      "observations": 280312,
      "std": 0.5484360030577757
    },
    "LONG_16": {
      "mean": 0.035494669419587864,
      "mean_mae_pct": 1.490932937887318,
      "mean_mfe_pct": 1.4941786597792444,
      "median": 0.007260406650812583,
      "observations": 280192,
      "std": 2.1843984546601583
    },
    "LONG_2": {
      "mean": 0.00454926285367622,
      "mean_mae_pct": 0.5072227343227116,
      "mean_mfe_pct": 0.5059913005683527,
      "median": 0.0,
      "observations": 280304,
      "std": 0.7732184028804369
    },
    "LONG_32": {
      "mean": 0.07141923442541169,
      "mean_mae_pct": 2.136027166163173,
      "mean_mfe_pct": 2.162108181734587,
      "median": 0.0,
      "observations": 280064,
      "std": 3.1169848221108785
    },
    "LONG_4": {
      "mean": 0.008978121253152026,
      "mean_mae_pct": 0.7261358676609148,
      "mean_mfe_pct": 0.7245658233122043,
      "median": 0.0,
      "observations": 280288,
      "std": 1.088709842206772
    },
    "LONG_8": {
      "mean": 0.017872802819588477,
      "mean_mae_pct": 1.039365549929814,
      "mean_mfe_pct": 1.0385822204841222,
      "median": 0.00482882093042619,
      "observations": 280256,
      "std": 1.5418621382434066
    },
    "SHORT_1": {
      "mean": -0.0022990843666730347,
      "mean_mae_pct": 0.35281083532002117,
      "mean_mfe_pct": 0.3536238636482248,
      "median": 0.0,
      "observations": 280312,
      "std": 0.5484360030577757
    },
    "SHORT_16": {
      "mean": -0.035494669419587864,
      "mean_mae_pct": 1.4941786597792444,
      "mean_mfe_pct": 1.490932937887318,
      "median": -0.007260406650812583,
      "observations": 280192,
      "std": 2.1843984546601583
    },
    "SHORT_2": {
      "mean": -0.00454926285367622,
      "mean_mae_pct": 0.5059913005683527,
      "mean_mfe_pct": 0.5072227343227116,
      "median": 0.0,
      "observations": 280304,
      "std": 0.7732184028804369
    },
    "SHORT_32": {
      "mean": -0.07141923442541169,
      "mean_mae_pct": 2.162108181734587,
      "mean_mfe_pct": 2.136027166163173,
      "median": 0.0,
      "observations": 280064,
      "std": 3.1169848221108785
    },
    "SHORT_4": {
      "mean": -0.008978121253152026,
      "mean_mae_pct": 0.7245658233122043,
      "mean_mfe_pct": 0.7261358676609148,
      "median": 0.0,
      "observations": 280288,
      "std": 1.088709842206772
    },
    "SHORT_8": {
      "mean": -0.017872802819588477,
      "mean_mae_pct": 1.0385822204841222,
      "mean_mfe_pct": 1.039365549929814,
      "median": -0.00482882093042619,
      "observations": 280256,
      "std": 1.5418621382434066
    }
  },
  "replication": {
    "LONG_1": {
      "mean": -0.0020266504992420054,
      "mean_mae_pct": 0.27722659089474544,
      "mean_mfe_pct": 0.269252014754405,
      "median": 0.0,
      "observations": 280312,
      "std": 0.45080094453383074
    },
    "LONG_16": {
      "mean": -0.03439316621284334,
      "mean_mae_pct": 1.2230470563384335,
      "mean_mfe_pct": 1.1279333239890879,
      "median": -0.02139995134895905,
      "observations": 280192,
      "std": 1.6880666811258844
    },
    "LONG_2": {
      "mean": -0.004155785162156176,
      "mean_mae_pct": 0.4029112099346921,
      "mean_mfe_pct": 0.38780001740338366,
      "median": 0.0,
      "observations": 280304,
      "std": 0.624567395075306
    },
    "LONG_32": {
      "mean": -0.0690799980272341,
      "mean_mae_pct": 1.7763881291352566,
      "mean_mfe_pct": 1.6146805400344837,
      "median": -0.03455723544982363,
      "observations": 280064,
      "std": 2.375284741855245
    },
    "LONG_4": {
      "mean": -0.008442041418750613,
      "mean_mae_pct": 0.5833570482488726,
      "mean_mfe_pct": 0.5548344130195657,
      "median": -0.0024913643875257227,
      "observations": 280288,
      "std": 0.8636296856947494
    },
    "LONG_8": {
      "mean": -0.017023237618623694,
      "mean_mae_pct": 0.8444603545771872,
      "mean_mfe_pct": 0.7913868503022682,
      "median": -0.008191996023185367,
      "observations": 280256,
      "std": 1.2119944360518116
    },
    "SHORT_1": {
      "mean": 0.0020266504992420054,
      "mean_mae_pct": 0.269252014754405,
      "mean_mfe_pct": 0.27722659089474544,
      "median": 0.0,
      "observations": 280312,
      "std": 0.45080094453383074
    },
    "SHORT_16": {
      "mean": 0.03439316621284334,
      "mean_mae_pct": 1.1279333239890879,
      "mean_mfe_pct": 1.2230470563384335,
      "median": 0.02139995134895905,
      "observations": 280192,
      "std": 1.6880666811258844
    },
    "SHORT_2": {
      "mean": 0.004155785162156176,
      "mean_mae_pct": 0.38780001740338366,
      "mean_mfe_pct": 0.4029112099346921,
      "median": 0.0,
      "observations": 280304,
      "std": 0.624567395075306
    },
    "SHORT_32": {
      "mean": 0.0690799980272341,
      "mean_mae_pct": 1.6146805400344837,
      "mean_mfe_pct": 1.7763881291352566,
      "median": 0.03455723544982363,
      "observations": 280064,
      "std": 2.375284741855245
    },
    "SHORT_4": {
      "mean": 0.008442041418750613,
      "mean_mae_pct": 0.5548344130195657,
      "mean_mfe_pct": 0.5833570482488726,
      "median": 0.0024913643875257227,
      "observations": 280288,
      "std": 0.8636296856947494
    },
    "SHORT_8": {
      "mean": 0.017023237618623694,
      "mean_mae_pct": 0.7913868503022682,
      "mean_mfe_pct": 0.8444603545771872,
      "median": 0.008191996023185367,
      "observations": 280256,
      "std": 1.2119944360518116
    }
  }
}
